{
  "interactionModel": {
    "languageModel": {
      "invocationName": "atomic chess",
      "intents": [
        {
          "name": "AMAZON.CancelIntent",
          "samples": []
        },
        {
          "name": "AMAZON.HelpIntent",
          "samples": []
        },
        {
          "name": "AMAZON.StopIntent",
          "samples": []
        },
        {
          "name": "AMAZON.NavigateHomeIntent",
          "samples": []
        },
        {
          "name": "AMAZON.FallbackIntent",
          "samples": []
        },
        {
          "name": "makemove",
          "slots": [
            {
              "name": "figure",
              "type": "figures",
              "samples": [
                "Figure"
              ]
            },
            {
              "name": "column",
              "type": "fields_col",
              "samples": [
                "G",
                "H",
                "F",
                "E",
                "D",
                "C",
                "B",
                "A"
              ]
            },
            {
              "name": "row",
              "type": "fields_row",
              "samples": [
                "six",
                "five",
                "four",
                "three",
                "two",
                "one"
              ]
            }
          ],
          "samples": [
            "apply move",
            "do move",
            "move"
          ]
        },
        {
          "name": "registerdevice",
          "slots": [],
          "samples": [
            "registerdevice",
            "connect",
            "register device",
            "register alexa",
            "register"
          ]
        },
        {
          "name": "hellotest",
          "slots": [],
          "samples": [
            "test",
            "hi",
            "hello"
          ]
        }
      ],
      "types": [
        {
          "values": [
            {
              "id": "p",
              "name": {
                "value": "pawn",
                "synonyms": [
                  "P",
                  "Pawn",
                  "Bauer",
                  "pawn"
                ]
              }
            }
          ],
          "name": "move"
        },
        {
          "values": [
            {
              "id": "b",
              "name": {
                "value": "bishop",
                "synonyms": [
                  "bischop",
                  "bishop",
                  "Springer"
                ]
              }
            },
            {
              "id": "r",
              "name": {
                "value": "rook",
                "synonyms": [
                  "Turm",
                  "rook"
                ]
              }
            },
            {
              "id": "n",
              "name": {
                "value": "knight",
                "synonyms": [
                  "night",
                  "springer",
                  "Night"
                ]
              }
            },
            {
              "id": "k",
              "name": {
                "value": "king",
                "synonyms": [
                  "König",
                  "King"
                ]
              }
            },
            {
              "id": "e",
              "name": {
                "value": "queen",
                "synonyms": [
                  "Dame",
                  "Queen",
                  "queen"
                ]
              }
            },
            {
              "id": "p",
              "name": {
                "value": "pawn",
                "synonyms": [
                  "bauer",
                  "pawn",
                  "Pawn"
                ]
              }
            }
          ],
          "name": "figures"
        },
        {
          "values": [
            {
              "id": "h",
              "name": {
                "value": "H"
              }
            },
            {
              "id": "g",
              "name": {
                "value": "G"
              }
            },
            {
              "id": "f",
              "name": {
                "value": "F"
              }
            },
            {
              "id": "e",
              "name": {
                "value": "E"
              }
            },
            {
              "id": "d",
              "name": {
                "value": "D"
              }
            },
            {
              "id": "c",
              "name": {
                "value": "C"
              }
            },
            {
              "id": "b",
              "name": {
                "value": "B"
              }
            },
            {
              "id": "a",
              "name": {
                "value": "A"
              }
            }
          ],
          "name": "fields_col"
        },
        {
          "values": [
            {
              "id": "8",
              "name": {
                "value": "8"
              }
            },
            {
              "id": "7",
              "name": {
                "value": "7"
              }
            },
            {
              "id": "6",
              "name": {
                "value": "6"
              }
            },
            {
              "id": "5",
              "name": {
                "value": "5"
              }
            },
            {
              "id": "4",
              "name": {
                "value": "4"
              }
            },
            {
              "id": "3",
              "name": {
                "value": "3"
              }
            },
            {
              "id": "2",
              "name": {
                "value": "2"
              }
            },
            {
              "id": "1",
              "name": {
                "value": "1"
              }
            }
          ],
          "name": "fields_row"
        }
      ]
    },
    "dialog": {
      "intents": [
        {
          "name": "makemove",
          "confirmationRequired": false,
          "prompts": {},
          "slots": [
            {
              "name": "figure",
              "type": "figures",
              "elicitationRequired": true,
              "confirmationRequired": false,
              "prompts": {
                "elicitation": "Elicit.Slot.735695963705.492150234525"
              }
            },
            {
              "name": "column",
              "type": "fields_col",
              "elicitationRequired": true,
              "confirmationRequired": false,
              "prompts": {
                "elicitation": "Elicit.Slot.735695963705.531215321257"
              }
            },
            {
              "name": "row",
              "type": "fields_row",
              "elicitationRequired": true,
              "confirmationRequired": false,
              "prompts": {
                "elicitation": "Elicit.Slot.735695963705.453124280174"
              }
            }
          ]
        }
      ],
      "delegationStrategy": "ALWAYS"
    },
    "prompts": [
      {
        "id": "Elicit.Slot.735695963705.492150234525",
        "variations": [
          {
            "type": "PlainText",
            "value": "Figure"
          }
        ]
      },
      {
        "id": "Elicit.Slot.735695963705.453124280174",
        "variations": [
          {
            "type": "PlainText",
            "value": "Row one to eight"
          }
        ]
      },
      {
        "id": "Elicit.Slot.735695963705.531215321257",
        "variations": [
          {
            "type": "PlainText",
            "value": "Column A to H"
          }
        ]
      }
    ]
  },
  "version": "15"
}