{
  "manifest": {
    "publishingInformation": {
      "locales": {
        "en-US": {
          "summary": "the app for the atomic chess project",
          "examplePhrases": [
            "Alexa, open atomic chess"
          ],
          "keywords": [],
          "name": "AtomicChess",
          "description": "please see atomicchess.de for more details",
          "smallIconUri": "file://assets/images/en-US_smallIconUri.png",
          "largeIconUri": "file://assets/images/en-US_largeIconUri.png"
        }
      },
      "automaticDistribution": {
        "isActive": false
      },
      "isAvailableWorldwide": true,
      "testingInstructions": "open the skill and say move with a move e2e4",
      "category": "KNOWLEDGE_AND_TRIVIA",
      "distributionMode": "PUBLIC",
      "distributionCountries": []
    },
    "apis": {
      "custom": {
        "endpoint": {
          "uri": "arn:aws:lambda:eu-west-1:202906012113:function:abc9437c-29d1-4d18-b8b1-c70bf85b405b:Release_0"
        },
        "interfaces": [],
        "regions": {
          "EU": {
            "endpoint": {
              "uri": "arn:aws:lambda:eu-west-1:202906012113:function:abc9437c-29d1-4d18-b8b1-c70bf85b405b:Release_0"
            }
          },
          "NA": {
            "endpoint": {
              "uri": "arn:aws:lambda:us-east-1:202906012113:function:abc9437c-29d1-4d18-b8b1-c70bf85b405b:Release_0"
            }
          },
          "FE": {
            "endpoint": {
              "uri": "arn:aws:lambda:us-west-2:202906012113:function:abc9437c-29d1-4d18-b8b1-c70bf85b405b:Release_0"
            }
          }
        }
      }
    },
    "manifestVersion": "1.0",
    "privacyAndCompliance": {
      "allowsPurchases": false,
      "locales": {
        "en-US": {}
      },
      "containsAds": false,
      "isExportCompliant": true,
      "isChildDirected": false,
      "usesPersonalInfo": false
    }
  }
}